 usersessionid | buycount | revenue 
         27354 |        6 |      31
         34632 |        6 |      25
         20762 |        6 |       8
         20557 |        6 |      54
         26473 |        5 |      15
         26757 |        5 |      12
         22781 |        5 |      15
         26737 |        5 |       8
         34510 |        5 |     100
         26723 |        5 |     100
         26546 |        5 |       5
         29396 |        5 |      21
         28511 |        5 |      23
         20647 |        5 |      72
         26897 |        5 |      34
         26703 |        5 |      13
         15816 |        4 |      14
         26410 |        4 |      50
         20876 |        4 |      80
         26836 |        4 |      21
         32492 |        4 |       7
         15852 |        4 |       8
         28629 |        4 |      45
         15850 |        4 |      47
         30990 |        4 |       7
         26932 |        4 |      20
         26741 |        4 |      30
         16229 |        4 |      10
         20779 |        4 |      16
         15896 |        4 |      12
         20638 |        4 |      11
         26734 |        4 |      37
         28154 |        4 |      25
         34762 |        4 |      60
         26465 |        4 |      23
         26866 |        4 |       4
         26447 |        4 |      12
         34758 |        4 |      35
         26696 |        4 |       5
         12144 |        4 |      50
         34607 |        4 |      16
         26501 |        4 |      23
         20735 |        4 |      12
         16027 |        4 |      70
         16001 |        4 |      14
         24734 |        4 |      20
         26522 |        4 |      35
         26479 |        4 |      55
         20534 |        4 |      14
         26646 |        4 |      70
         27842 |        4 |      55
         34799 |        4 |      65
         26828 |        4 |       6
         26775 |        4 |       5
         36788 |        4 |      12
         26724 |        4 |       8
         16091 |        4 |       5
         16036 |        4 |      26
         20649 |        4 |      13
         26530 |        4 |      50
         20631 |        4 |      10
         20646 |        4 |       5
         20688 |        4 |      12
         34531 |        4 |      70
         26890 |        4 |      60
         29612 |        4 |      25
         34221 |        4 |       4
         20971 |        4 |      50
         26915 |        4 |      45
         26910 |        4 |      21
         34703 |        4 |      27
         21028 |        4 |      45
         29817 |        4 |      42
         14556 |        4 |      60
         20559 |        4 |      52
         16227 |        4 |       4
         26942 |        4 |       5
         28887 |        4 |       8
         25314 |        4 |      47
         34213 |        4 |      50
         26690 |        4 |      10
         27795 |        4 |       7
         16049 |        3 |      27
         34400 |        3 |       5
         22400 |        3 |       8
         27845 |        3 |      22
         26783 |        3 |      35
         26788 |        3 |       3
         21971 |        3 |      45
         21727 |        3 |      45
         21005 |        3 |      60
         29082 |        3 |      42
         28581 |        3 |      15
         15994 |        3 |      50
         12418 |        3 |      50
         28522 |        3 |       7
          9701 |        3 |      50
         35257 |        3 |       3
         15854 |        3 |       9
          9505 |        3 |       3
         20712 |        3 |      35
         26894 |        3 |       3
         34561 |        3 |      17
         16676 |        3 |      35
         34602 |        3 |      25
         23429 |        3 |      50
         26935 |        3 |      10
         20859 |        3 |      27
         34321 |        3 |      50
         15979 |        3 |       6
         26421 |        3 |      22
         20937 |        3 |       3
         32023 |        3 |       6
         34650 |        3 |      24
         26821 |        3 |       7
         35312 |        3 |      16
         12660 |        3 |       7
         34548 |        3 |      50
         19955 |        3 |      50
         15931 |        3 |      60
         26516 |        3 |       9
         15792 |        3 |      45
         26869 |        3 |      28
         34265 |        3 |      33
         15903 |        3 |       9
         23273 |        3 |      50
          7703 |        3 |      50
         20807 |        3 |       9
         21026 |        3 |      28
         30329 |        3 |      16
         20538 |        3 |       9
         20672 |        3 |       3
         34339 |        3 |       9
         20532 |        3 |       3
         26466 |        3 |      50
         34465 |        3 |      11
         15918 |        3 |      11
         17484 |        3 |      35
         26428 |        3 |      12
         34651 |        3 |       9
         34811 |        3 |       9
         20574 |        3 |      50
         34242 |        3 |       7
         16186 |        3 |      13
         20864 |        3 |      11
         16076 |        3 |      27
         33800 |        3 |      60
          9688 |        3 |       6
         26843 |        3 |       3
         28781 |        3 |      28
         26580 |        3 |      23
         20879 |        3 |       7
         26476 |        3 |      35
         15983 |        3 |       9
         12643 |        3 |       4
         34325 |        3 |      43
         31248 |        3 |      40
         26612 |        3 |       3
         33324 |        3 |      16
         12334 |        3 |       9
         21018 |        3 |       7
         26420 |        3 |      45
         20888 |        3 |       3
         16073 |        3 |      43
         26854 |        3 |      14
         34430 |        3 |      11
         16015 |        3 |      11
         26549 |        3 |      60
         34354 |        3 |       9
         21838 |        3 |      33
         34679 |        3 |       3
         28363 |        3 |       9
         34646 |        3 |      30
         34470 |        3 |       9
         16583 |        3 |       3
         26666 |        3 |      35
         20945 |        3 |       6
          5920 |        3 |      45
         29830 |        3 |      60
         26963 |        3 |       5
         35011 |        3 |      14
         34218 |        3 |      40
         34469 |        3 |       3
         34729 |        3 |      42
         15922 |        3 |       5
         20625 |        3 |      11
         16083 |        3 |      22
         34778 |        3 |      26
         34800 |        3 |      40
         16043 |        3 |       8
         20668 |        3 |      35
         34204 |        3 |       8
         34405 |        3 |      35
         20803 |        3 |      40
         26909 |        3 |      40
         20977 |        3 |      50
         26610 |        3 |       3
         20847 |        3 |       7
         23269 |        3 |      26
         26514 |        3 |       7
         20592 |        3 |      45
         34239 |        3 |      50
         15827 |        3 |      33
         34805 |        3 |      11
         16219 |        3 |      45
         20923 |        3 |       9
         32495 |        3 |       4
         15831 |        3 |       5
         20683 |        3 |      11
          9788 |        3 |      33
         14554 |        3 |      35
         34380 |        3 |       9
         34455 |        3 |      11
         34353 |        3 |       7
         31089 |        3 |      27
         34498 |        3 |      35
         29754 |        3 |       8
         20684 |        3 |       3
         20342 |        3 |       3
         26393 |        3 |      15
         26754 |        3 |       5
         20623 |        3 |      12
          9723 |        3 |       9
         16079 |        3 |       5
         20615 |        3 |      35
         28123 |        3 |       9
         12633 |        3 |       8
         26822 |        3 |       7
         26762 |        3 |      40
         26639 |        3 |      45
         15943 |        3 |      50
         27374 |        3 |      20
         20543 |        3 |      32
         20656 |        3 |      16
         26404 |        3 |       7
         26486 |        3 |       3
         31678 |        3 |       3
         33187 |        3 |      11
         26927 |        3 |      45
         34795 |        3 |       7
         34421 |        3 |      60
         27985 |        3 |      45
         27918 |        3 |      33
         26675 |        3 |      23
         23265 |        3 |      60
         16098 |        3 |      30
         26839 |        3 |       9
         35570 |        3 |       9
         26401 |        3 |      10
         34540 |        3 |       4
         26456 |        3 |      24
         34448 |        3 |      40
         26718 |        3 |       3
         26419 |        3 |      35
         29105 |        3 |      45
         33018 |        3 |      50
         34368 |        3 |      50
         26581 |        3 |       3
         34738 |        3 |      33
         24101 |        3 |      50
         20624 |        3 |       5
         20510 |        3 |      25
         26508 |        3 |       9
          9833 |        3 |       8
         28142 |        3 |       3
         34719 |        3 |      50
         32104 |        3 |       3
         20941 |        3 |       6
          9912 |        3 |      16
         16069 |        3 |      50
         26952 |        3 |       9
         16081 |        3 |       9
         20722 |        3 |      14
         28575 |        3 |      50
         21617 |        3 |       3
         29641 |        3 |       6
         15795 |        3 |       3
         20775 |        3 |      40
         20993 |        3 |      50
         26472 |        3 |      23
         34193 |        3 |      28
         15832 |        3 |      10
         36457 |        2 |      21
         26584 |        2 |       6
         10366 |        2 |      15
         17964 |        2 |      23
         26852 |        2 |      40
         34590 |        2 |      30
         15821 |        2 |      30
         20572 |        2 |       6
         15981 |        2 |       5
         31620 |        2 |      12
         26643 |        2 |      20
         26938 |        2 |       4
         31241 |        2 |      23
         12573 |        2 |       3
         27927 |        2 |       3
         26415 |        2 |      12
         26638 |        2 |       8
         26645 |        2 |       3
         34192 |        2 |       6
         26572 |        2 |      30
         34391 |        2 |       4
         34810 |        2 |       6
         12322 |        2 |       6
         16242 |        2 |       8
         26653 |        2 |      15
         21972 |        2 |       8
         12531 |        2 |      30
         15867 |        2 |      22
         35084 |        2 |       5
         34246 |        2 |      13
         26697 |        2 |       5
         20920 |        2 |      23
         16884 |        2 |      30
         26526 |        2 |       2
         34219 |        2 |      30
         37011 |        2 |      30
         15081 |        2 |      30
          9754 |        2 |       8
         20796 |        2 |      25
         18110 |        2 |       8
         29197 |        2 |       4
         16702 |        2 |      23
         29165 |        2 |       8
         12515 |        2 |       6
         20982 |        2 |       8
         20614 |        2 |      25
         33198 |        2 |      40
         26613 |        2 |       8
         34316 |        2 |      30
         33125 |        2 |       7
         31087 |        2 |      12
         34278 |        2 |      20
         17237 |        2 |       8
         33064 |        2 |      15
         24100 |        2 |      13
         34565 |        2 |       6
         27193 |        2 |      20
         26592 |        2 |       6
         12672 |        2 |       7
         34464 |        2 |      30
         34454 |        2 |       4
         20556 |        2 |      25
         20542 |        2 |      23
         22201 |        2 |      23
         10013 |        2 |      30
         22298 |        2 |      13
         34815 |        2 |      25
          9733 |        2 |       6
         27358 |        2 |      40
         34479 |        2 |      22
         20781 |        2 |       2
         23505 |        2 |      25
         34708 |        2 |      11
         29394 |        2 |       4
         26413 |        2 |       4
         34378 |        2 |      25
          6993 |        2 |       6
         34315 |        2 |       4
         20748 |        2 |       3
         20962 |        2 |      40
         29167 |        2 |      25
         20765 |        2 |      25
         26879 |        2 |      30
         12563 |        2 |       6
         38781 |        2 |      15
         34718 |        2 |       7
         16226 |        2 |       6
          9847 |        2 |      40
          7580 |        2 |       3
         33440 |        2 |       6
         27191 |        2 |      30
          5860 |        2 |      23
         12375 |        2 |      12
         27916 |        2 |      21
         16151 |        2 |       2
         34623 |        2 |       6
         20729 |        2 |      30
         34359 |        2 |       2
         34180 |        2 |      25
         26949 |        2 |       6
         12439 |        2 |      15
         16055 |        2 |       4
         16056 |        2 |      25
         12370 |        2 |       6
         20702 |        2 |       6
         25617 |        2 |       4
         20996 |        2 |      30
         12351 |        2 |      30
          7795 |        2 |       2
         34494 |        2 |      30
         15840 |        2 |       6
          7545 |        2 |       2
         26922 |        2 |      15
         15887 |        2 |      23
         26710 |        2 |      25
         34711 |        2 |       3
         26861 |        2 |       6
          9835 |        2 |      25
          7754 |        2 |      30
         34591 |        2 |       3
         12878 |        2 |      22
         12494 |        2 |       5
         26412 |        2 |       3
         20642 |        2 |      12
         34235 |        2 |      15
         20709 |        2 |      30
         20691 |        2 |       4
         22200 |        2 |      13
         33577 |        2 |       8
         10041 |        2 |       6
         20690 |        2 |      20
         37491 |        2 |      20
         13839 |        2 |       8
         26682 |        2 |       7
         16114 |        2 |      30
         18505 |        2 |      40
         34721 |        2 |      20
         12719 |        2 |      10
         10994 |        2 |       5
         34480 |        2 |       4
         16150 |        2 |       3
         26872 |        2 |       3
         16062 |        2 |       4
         20751 |        2 |      21
         26712 |        2 |       2
         31621 |        2 |      25
         33184 |        2 |      25
         23822 |        2 |       6
         20609 |        2 |       4
         21008 |        2 |      12
         15907 |        2 |       6
          9759 |        2 |       7
         26634 |        2 |       6
         29417 |        2 |       5
         32431 |        2 |      25
         20698 |        2 |      20
         34382 |        2 |       8
          9907 |        2 |       2
         33872 |        2 |       4
          7762 |        2 |       3
         31970 |        2 |       6
         20810 |        2 |      23
         12703 |        2 |       2
         20872 |        2 |       2
          5697 |        2 |       5
         12360 |        2 |      30
         24348 |        2 |      23
          9765 |        2 |       4
         16228 |        2 |      30
         26930 |        2 |       3
         10016 |        2 |      22
         26791 |        2 |      20
         26392 |        2 |      40
         20725 |        2 |      11
         26550 |        2 |       6
         12385 |        2 |       5
          5820 |        2 |       6
         24461 |        2 |       3
         18374 |        2 |      23
         20829 |        2 |      22
         12661 |        2 |       4
         16238 |        2 |      20
         34597 |        2 |       4
         26829 |        2 |      12
         29535 |        2 |      40
          9786 |        2 |      30
         19599 |        2 |       7
         36459 |        2 |      40
         26727 |        2 |      40
         12529 |        2 |      30
          9945 |        2 |       3
         12407 |        2 |       3
         12524 |        2 |      30
         26811 |        2 |       6
         17258 |        2 |      10
         20830 |        2 |       6
         36350 |        2 |      30
         15912 |        2 |       2
         15886 |        2 |      25
          9776 |        2 |      22
         31680 |        2 |       6
         20869 |        2 |       2
         33200 |        2 |       4
         26782 |        2 |      15
         19696 |        2 |      30
         24030 |        2 |       4
         25814 |        2 |      40
         15866 |        2 |       2
         26665 |        2 |      30
         20800 |        2 |       6
         34807 |        2 |       4
         34692 |        2 |       6
         36417 |        2 |       6
          9686 |        2 |       6
         20902 |        2 |       7
         12683 |        2 |      12
         27817 |        2 |       2
         23279 |        2 |       6
         29524 |        2 |      40
         15962 |        2 |       2
         24719 |        2 |       6
         21023 |        2 |      10
         16179 |        2 |       2
          7540 |        2 |      15
         20875 |        2 |       2
         19240 |        2 |       6
         26931 |        2 |      30
         16236 |        2 |       4
         26527 |        2 |      40
         32654 |        2 |      21
         12560 |        2 |      15
         20598 |        2 |      10
         26396 |        2 |      40
         33439 |        2 |      21
         15672 |        2 |       4
         28144 |        2 |       6
         12356 |        2 |      23
         20591 |        2 |       2
         20763 |        2 |       4
         26774 |        2 |       2
          9804 |        2 |      40
         26444 |        2 |       6
         26900 |        2 |       6
         12557 |        2 |       6
          9751 |        2 |      25
         34820 |        2 |      11
         21014 |        2 |       5
         12578 |        2 |      30
          5893 |        2 |      40
         32836 |        2 |      30
         21866 |        2 |       6
         16087 |        2 |      25
         12456 |        2 |      40
         10253 |        2 |      23
         20752 |        2 |      25
         26491 |        2 |      15
         12753 |        2 |      20
         26898 |        2 |      15
          7594 |        2 |      23
         34393 |        2 |       5
         12693 |        2 |      10
          7549 |        2 |      30
         26970 |        2 |      25
         34181 |        2 |      40
         15984 |        2 |       4
         37767 |        2 |       6
         29977 |        2 |       6
         20521 |        2 |       3
         34496 |        2 |      10
         26644 |        2 |      25
         26650 |        2 |       6
         12546 |        2 |       8
         15895 |        2 |       2
         26917 |        2 |       6
         12671 |        2 |       4
         15860 |        2 |       2
         26946 |        2 |       3
         16105 |        2 |      40
         20917 |        2 |       6
         27915 |        2 |       6
         33190 |        2 |      20
         20860 |        2 |       6
         20868 |        2 |       2
         15810 |        2 |       2
         33063 |        2 |       6
         34424 |        2 |       6
         12345 |        2 |      13
         33798 |        2 |       6
          9844 |        2 |      25
         16515 |        2 |       5
         20938 |        2 |      30
         26422 |        2 |      11
          7684 |        2 |      13
         16256 |        2 |       6
         19578 |        2 |      15
         26439 |        2 |      25
         12406 |        2 |       6
          9857 |        2 |      40
         35992 |        2 |       4
          7595 |        2 |       4
         13910 |        2 |       6
         32027 |        2 |       3
         27172 |        2 |       6
         34524 |        2 |      25
         16155 |        2 |       3
         34626 |        2 |      40
         26929 |        2 |       5
         26918 |        2 |       7
         35962 |        2 |       6
         26864 |        2 |       4
         34389 |        2 |       5
         34787 |        2 |       2
         26877 |        2 |      13
         16024 |        2 |      30
         34337 |        2 |       2
         20854 |        2 |      20
         12650 |        2 |       2
         29081 |        2 |      15
         34775 |        2 |       8
         25287 |        2 |      40
         20361 |        2 |       6
         26619 |        2 |      23
         10046 |        2 |       5
         34686 |        2 |      30
         26618 |        2 |      12
         26758 |        2 |       3
         20767 |        2 |      40
         29200 |        2 |      23
         26547 |        2 |       6
         34954 |        2 |       8
          7770 |        2 |       2
         34776 |        2 |      25
         26753 |        2 |      25
         12606 |        2 |       2
         15834 |        2 |      15
         17882 |        2 |       6
         12437 |        2 |      30
         12539 |        2 |      30
         12614 |        2 |       6
         26755 |        2 |       3
         21022 |        2 |       2
         26595 |        2 |       4
         26391 |        2 |      13
         26566 |        2 |       6
         20528 |        2 |      30
         20546 |        2 |       5
         34581 |        2 |      11
          7534 |        2 |      12
         20900 |        2 |      11
         12423 |        2 |      40
         26651 |        2 |      40
         30244 |        2 |       8
          7772 |        2 |      15
         19693 |        2 |       6
         26554 |        2 |      40
         12717 |        2 |       2
         16102 |        2 |      30
         12318 |        2 |       2
         20686 |        2 |       2
         34527 |        2 |      40
         34227 |        2 |       6
         12449 |        2 |      30
         23835 |        2 |       6
         17569 |        2 |      30
         34224 |        2 |      15
         24499 |        2 |      22
         20783 |        2 |      25
         26849 |        2 |      23
         34271 |        2 |      30
         31244 |        2 |       5
         12697 |        2 |       4
         18375 |        2 |      30
         19511 |        2 |      15
         20994 |        2 |       2
         15828 |        2 |      25
         20585 |        2 |       2
         20570 |        2 |      25
         32024 |        2 |      23
         28373 |        2 |       4
         26441 |        2 |       6
          9961 |        2 |       6
         26941 |        2 |       6
         26778 |        2 |       2
         33357 |        2 |      40
         16050 |        2 |       3
         16199 |        2 |      40
         26772 |        2 |       5
         34654 |        2 |      40
         15975 |        2 |      25
         15988 |        2 |      23
         34840 |        2 |      20
         26878 |        2 |       6
         15824 |        2 |       5
         26702 |        2 |       8
         26611 |        2 |       5
         15985 |        2 |      30
         25318 |        2 |       6
         31614 |        2 |      15
         37317 |        2 |       2
         12713 |        2 |       4
         12549 |        2 |       4
         15992 |        2 |       5
         20621 |        2 |      20
         12516 |        2 |      25
         27925 |        2 |      23
          5785 |        2 |      23
         26669 |        2 |      23
         26055 |        2 |       2
         30669 |        2 |      21
          7523 |        2 |      10
          5863 |        2 |      30
         26520 |        2 |      30
         33191 |        2 |      13
          7663 |        2 |       4
         26781 |        2 |       2
          7636 |        2 |       6
         12618 |        2 |      40
         29398 |        2 |       6
          5770 |        2 |      15
          5698 |        2 |       4
         25316 |        2 |      23
         15960 |        2 |       6
         20685 |        2 |       8
         21280 |        2 |      20
         32493 |        2 |      13
         20680 |        2 |      30
         35259 |        2 |       2
         12540 |        2 |       3
         12490 |        2 |       6
          9689 |        2 |       5
         20584 |        2 |       3
         15851 |        2 |      22
         26402 |        2 |      22
         26796 |        2 |       2
          9673 |        2 |      23
          7571 |        2 |      10
         16071 |        2 |       2
          9793 |        2 |      30
         12579 |        2 |      15
         34272 |        2 |       6
         34329 |        2 |      11
         26943 |        2 |       4
          5798 |        2 |      23
          7546 |        2 |      25
         20811 |        2 |       4
         15848 |        2 |       4
         26705 |        2 |      15
         33128 |        2 |       4
         26627 |        2 |       3
         26826 |        2 |      13
          7686 |        2 |      30
         23271 |        2 |       5
         20599 |        2 |       4
         12581 |        2 |       2
         31474 |        2 |       2
         34629 |        2 |       8
          9918 |        2 |      30
         35318 |        2 |      20
         20817 |        2 |       6
         31368 |        2 |      40
         26614 |        2 |      40
         20545 |        2 |       4
         16666 |        2 |      30
         20526 |        2 |      22
         34223 |        2 |      22
         16195 |        2 |      40
         20949 |        2 |      40
         26968 |        2 |      22
         37360 |        2 |      12
         20832 |        2 |      15
         35315 |        2 |      30
         12491 |        2 |      30
          7739 |        2 |      11
         34364 |        2 |       2
         26795 |        2 |       8
         27171 |        2 |       7
         38277 |        2 |      13
         12330 |        2 |       5
         33941 |        2 |       2
         34583 |        2 |       4
         12657 |        2 |      12
         33354 |        2 |       3
          9799 |        2 |       2
         20839 |        2 |       6
          5777 |        2 |       8
         16112 |        2 |       4
         29232 |        2 |       2
         34290 |        2 |       8
         26579 |        2 |      23
         26431 |        2 |       4
         36887 |        2 |      30
          9851 |        2 |       7
         20837 |        2 |       5
         12629 |        2 |       4
          9954 |        2 |      30
         18378 |        2 |       6
         20873 |        2 |       6
         22137 |        2 |      23
         26671 |        2 |       2
         26069 |        2 |      25
         26881 |        2 |      25
         24180 |        2 |       5
         34521 |        2 |       4
         36468 |        2 |      40
         33541 |        2 |       2
         25856 |        2 |      23
         12602 |        2 |       2
          5844 |        2 |      40
         20602 |        2 |      20
         16017 |        2 |      15
         34592 |        2 |       4
         26524 |        2 |      20
         16025 |        2 |      40
         12642 |        2 |       2
         34558 |        2 |       4
         32943 |        2 |       2
         34782 |        2 |      20
         26433 |        2 |       4
         18993 |        2 |       2
         26670 |        2 |      40
         34522 |        2 |       5
         34436 |        2 |      30
         35311 |        2 |       6
         17605 |        2 |       6
         34555 |        2 |       2
         10044 |        2 |      13
         34549 |        2 |      30
          8098 |        2 |       2
         25003 |        2 |      11
         20861 |        2 |       3
         20903 |        2 |      23
         20797 |        2 |       6
         36717 |        1 |       1
         26848 |        1 |       2
         12444 |        1 |      20
         37261 |        1 |       2
         31622 |        1 |      10
         22026 |        1 |       3
         34190 |        1 |       2
         26568 |        1 |       3
         38953 |        1 |       3
         36499 |        1 |      10
         34352 |        1 |       2
         20644 |        1 |      20
         26394 |        1 |       3
         20789 |        1 |       1
         27912 |        1 |      20
         20957 |        1 |      10
         28218 |        1 |      10
          9709 |        1 |       3
         37358 |        1 |       1
         16008 |        1 |      20
         20643 |        1 |      20
         34687 |        1 |       3
         29753 |        1 |       3
         15936 |        1 |      10
         34714 |        1 |       3
          9908 |        1 |      20
         20986 |        1 |      20
         16203 |        1 |      10
         15928 |        1 |       5
         35964 |        1 |      10
         14737 |        1 |       1
         12710 |        1 |      10
         12668 |        1 |      10
         19954 |        1 |       2
         32583 |        1 |       2
         25862 |        1 |      20
         26792 |        1 |       2
         34818 |        1 |       1
         34839 |        1 |       3
         38368 |        1 |       5
         34361 |        1 |      20
         26201 |        1 |       2
         36789 |        1 |       3
         32961 |        1 |       5
         15089 |        1 |       1
          9745 |        1 |       5
          6088 |        1 |       3
         12725 |        1 |       5
         34545 |        1 |       1
         23864 |        1 |       1
         30242 |        1 |      20
          5811 |        1 |       1
          9187 |        1 |      10
         12722 |        1 |       3
         26430 |        1 |       3
         32505 |        1 |       5
         34664 |        1 |       3
         18604 |        1 |       5
         26375 |        1 |      20
         26692 |        1 |       5
         26834 |        1 |       1
          7691 |        1 |       1
         21020 |        1 |      20
         31897 |        1 |       2
          7600 |        1 |       5
         26746 |        1 |      10
         35115 |        1 |       5
         23481 |        1 |       3
         26488 |        1 |      20
         34492 |        1 |      10
         19916 |        1 |       1
         27353 |        1 |       2
         34410 |        1 |       3
         26649 |        1 |       1
          9910 |        1 |       2
         20527 |        1 |      20
         32131 |        1 |      10
         36679 |        1 |      10
         26966 |        1 |       3
          5909 |        1 |       3
          7525 |        1 |       3
         37716 |        1 |       2
         12538 |        1 |      20
          7715 |        1 |       3
          7854 |        1 |       5
         29132 |        1 |      20
          7747 |        1 |       1
          9914 |        1 |      10
         12630 |        1 |       1
          5914 |        1 |       1
         20727 |        1 |       5
          5955 |        1 |       5
         29368 |        1 |       1
         34245 |        1 |       2
         20652 |        1 |       2
         34503 |        1 |       1
         12346 |        1 |      10
         38720 |        1 |       3
         20813 |        1 |      10
         38266 |        1 |       1
         20699 |        1 |       1
         23809 |        1 |       2
         26721 |        1 |       1
         34622 |        1 |       1
         34568 |        1 |      20
         34760 |        1 |       5
         10090 |        1 |      20
         26907 |        1 |       1
          7769 |        1 |      20
         20948 |        1 |      20
         12481 |        1 |      20
         12564 |        1 |       1
         16035 |        1 |      20
         35576 |        1 |      10
         24853 |        1 |       1
         26707 |        1 |       5
          7589 |        1 |       2
         37717 |        1 |       5
         26532 |        1 |       1
         26785 |        1 |       3
         26383 |        1 |      10
         12419 |        1 |      20
         23278 |        1 |       3
         34269 |        1 |       3
         26853 |        1 |      20
         33702 |        1 |       1
         34356 |        1 |      10
         12358 |        1 |       2
         12338 |        1 |       5
         29521 |        1 |      10
          9970 |        1 |      20
         26905 |        1 |       3
         16221 |        1 |       1
         19239 |        1 |       3
         26560 |        1 |       2
         15855 |        1 |       5
         30735 |        1 |       1
          9785 |        1 |       1
         28577 |        1 |       3
         16030 |        1 |       1
         34217 |        1 |      20
         12365 |        1 |       2
         15609 |        1 |       5
         25919 |        1 |       2
         16216 |        1 |      10
         36885 |        1 |      10
         26731 |        1 |       1
         12315 |        1 |       5
         16828 |        1 |      20
         22504 |        1 |      20
         33873 |        1 |       1
         20637 |        1 |      20
         20865 |        1 |       3
         10024 |        1 |       3
          5940 |        1 |       1
         34373 |        1 |       1
         21739 |        1 |       5
         20340 |        1 |      10
         18704 |        1 |      10
         12567 |        1 |       1
         16239 |        1 |       5
         18014 |        1 |       5
         35310 |        1 |      10
         27301 |        1 |       1
         34287 |        1 |      20
         26385 |        1 |       3
         22777 |        1 |      20
         26647 |        1 |       5
         34560 |        1 |      20
          7568 |        1 |       1
         12558 |        1 |       2
         33123 |        1 |       3
          7787 |        1 |       1
         34749 |        1 |       2
         38321 |        1 |      10
         23268 |        1 |      10
         32632 |        1 |       3
         34780 |        1 |      20
         20756 |        1 |      10
         36889 |        1 |       3
          9889 |        1 |       5
         18514 |        1 |       3
         34542 |        1 |       3
         20794 |        1 |      20
         26448 |        1 |       2
         10050 |        1 |       3
         12404 |        1 |       5
         16981 |        1 |      20
         20575 |        1 |       5
         34460 |        1 |      20
         34677 |        1 |      20
         19074 |        1 |       5
          5679 |        1 |      20
          5661 |        1 |       5
         12503 |        1 |      10
         19966 |        1 |      10
         27851 |        1 |       3
         24707 |        1 |       1
         12699 |        1 |       3
         13857 |        1 |       3
          7758 |        1 |       1
         12517 |        1 |       3
         15942 |        1 |       1
         34808 |        1 |      10
         34755 |        1 |       5
         16154 |        1 |      20
         21019 |        1 |       2
         34451 |        1 |      20
         15977 |        1 |       3
         18166 |        1 |       2
         34330 |        1 |      20
         17932 |        1 |       3
         26622 |        1 |      20
          7562 |        1 |      20
          9883 |        1 |       1
         33436 |        1 |      20
         23482 |        1 |       3
          9712 |        1 |       3
         34720 |        1 |       1
         15916 |        1 |      10
         34678 |        1 |       3
          9950 |        1 |       1
         28387 |        1 |       5
          7664 |        1 |      20
         12392 |        1 |       5
         17157 |        1 |       1
         10021 |        1 |      20
         16827 |        1 |       1
         15910 |        1 |      10
         15930 |        1 |      10
         34733 |        1 |       1
          5721 |        1 |       3
         12603 |        1 |       2
         34613 |        1 |       2
         29610 |        1 |       3
         15829 |        1 |      10
         12607 |        1 |       1
         15894 |        1 |      10
         12331 |        1 |      20
         34299 |        1 |       3
         15772 |        1 |       1
          7559 |        1 |       2
         34169 |        1 |       2
         20531 |        1 |      20
         27298 |        1 |       3
          8069 |        1 |       3
         29243 |        1 |       3
         20951 |        1 |       5
          7620 |        1 |      20
         12367 |        1 |       1
         37826 |        1 |      10
         28435 |        1 |       2
          9738 |        1 |       2
         36234 |        1 |      10
         34291 |        1 |      20
         20916 |        1 |       1
         34467 |        1 |       2
         35370 |        1 |       1
         16175 |        1 |       3
         16113 |        1 |      20
         17529 |        1 |      20
          7150 |        1 |      10
         26944 |        1 |       5
         16240 |        1 |       1
         16210 |        1 |      20
         10048 |        1 |      20
         31871 |        1 |       1
         34790 |        1 |       5
         24389 |        1 |       1
         26865 |        1 |      20
         34538 |        1 |      20
         29588 |        1 |      20
         21025 |        1 |      10
         34513 |        1 |       2
         23837 |        1 |       5
         35960 |        1 |       3
         28839 |        1 |       3
         26515 |        1 |      10
         21434 |        1 |      20
         26833 |        1 |      20
          9897 |        1 |       3
         12457 |        1 |       3
         18403 |        1 |       1
         24178 |        1 |       2
          9831 |        1 |       1
         20780 |        1 |       5
          5659 |        1 |      10
         25858 |        1 |       1
         26914 |        1 |       3
         19358 |        1 |      10
         12754 |        1 |       2
         20988 |        1 |       5
         36898 |        1 |       1
         34327 |        1 |      20
         34783 |        1 |       1
         15997 |        1 |       5
         26654 |        1 |      10
          5934 |        1 |       1
         34312 |        1 |      10
         23881 |        1 |       1
         21973 |        1 |       2
         12611 |        1 |       5
         33211 |        1 |       1
         28616 |        1 |       3
         33308 |        1 |       3
         20998 |        1 |       1
         24732 |        1 |       1
         12511 |        1 |       5
          9768 |        1 |      20
         16058 |        1 |       5
         16012 |        1 |       3
         26463 |        1 |       1
         12718 |        1 |       2
         16006 |        1 |       5
         15970 |        1 |      20
         15957 |        1 |       3
         13812 |        1 |      20
         34375 |        1 |       3
          9891 |        1 |       3
         26924 |        1 |       1
         34616 |        1 |      20
         20991 |        1 |      20
         26656 |        1 |      10
         20883 |        1 |       5
         26874 |        1 |      10
         34737 |        1 |       5
          7730 |        1 |       3
         34182 |        1 |      20
         22012 |        1 |       3
         12428 |        1 |       1
          7526 |        1 |       3
         26947 |        1 |      20
         20667 |        1 |       3
         14553 |        1 |       2
         27487 |        1 |       3
         14043 |        1 |       3
         12853 |        1 |      20
         16447 |        1 |       3
          5921 |        1 |       1
          7855 |        1 |       5
         19752 |        1 |       2
         31093 |        1 |      10
          7807 |        1 |       1
          5892 |        1 |      20
         12341 |        1 |       3
         12333 |        1 |       3
         20679 |        1 |       3
         22792 |        1 |       1
         12690 |        1 |       3
         26523 |        1 |      20
         30090 |        1 |       1
         34689 |        1 |      10
         23780 |        1 |      10
         16200 |        1 |      20
         12376 |        1 |       1
         19032 |        1 |       1
          9771 |        1 |       1
         34188 |        1 |       1
         20804 |        1 |       2
         35148 |        1 |      20
         39275 |        1 |      10
         16355 |        1 |       2
         29102 |        1 |       1
         12583 |        1 |       3
         34406 |        1 |       1
         26573 |        1 |       1
         29976 |        1 |       3
         32590 |        1 |       5
          5866 |        1 |      10
          9850 |        1 |       3
         26559 |        1 |       5
         34702 |        1 |       3
         16018 |        1 |       1
         26553 |        1 |       1
         34462 |        1 |       5
         33803 |        1 |       2
         26616 |        1 |       3
          6173 |        1 |       3
         34528 |        1 |       1
         29195 |        1 |       3
         12927 |        1 |       5
          7852 |        1 |       1
         20669 |        1 |      10
          7522 |        1 |       2
         18376 |        1 |       3
         34798 |        1 |       3
         12791 |        1 |       3
          5666 |        1 |       3
         34419 |        1 |      10
          7702 |        1 |       3
         12522 |        1 |      20
          9875 |        1 |       3
         34520 |        1 |       5
         34481 |        1 |      20
          9939 |        1 |       1
         10039 |        1 |       5
         16007 |        1 |       3
         28843 |        1 |       5
         20576 |        1 |       3
         20880 |        1 |       2
         15915 |        1 |       3
         12498 |        1 |       5
         33359 |        1 |      10
         20992 |        1 |       3
          7599 |        1 |       2
         34550 |        1 |       5
         12369 |        1 |       2
         26607 |        1 |       3
          7804 |        1 |       3
          9761 |        1 |       3
         22961 |        1 |       2
          9862 |        1 |       1
          5858 |        1 |      10
         26804 |        1 |      20
         20823 |        1 |      10
          9909 |        1 |      10
         20552 |        1 |       5
         35262 |        1 |       3
          7824 |        1 |      20
         15917 |        1 |      20
         27361 |        1 |      10
         12362 |        1 |       3
         29103 |        1 |       5
         34431 |        1 |      10
         23777 |        1 |       2
         26655 |        1 |       1
         26901 |        1 |      10
         34324 |        1 |       3
         12600 |        1 |      20
          9790 |        1 |       5
         26409 |        1 |       5
         16213 |        1 |      20
         10367 |        1 |       5
          7596 |        1 |      20
         12684 |        1 |      10
         21017 |        1 |       5
         20790 |        1 |       2
         26450 |        1 |       3
         27402 |        1 |       1
         34439 |        1 |       5
         27881 |        1 |      20
         34727 |        1 |       1
         12450 |        1 |       2
         25492 |        1 |       1
         26544 |        1 |       5
         34618 |        1 |       1
         14434 |        1 |       3
          7778 |        1 |       3
          5941 |        1 |       1
         28710 |        1 |      10
         26567 |        1 |       1
         26680 |        1 |      20
         26713 |        1 |      20
         12416 |        1 |      20
         20664 |        1 |      10
          5783 |        1 |       1
         23192 |        1 |      10
         20987 |        1 |      20
         10031 |        1 |       1
         16144 |        1 |       3
         38268 |        1 |       1
         12415 |        1 |      10
         16343 |        1 |       3
          9572 |        1 |       1
         34637 |        1 |      10
          7736 |        1 |      20
         20017 |        1 |       5
          7755 |        1 |      20
         12576 |        1 |       1
         18066 |        1 |      10
         26717 |        1 |       1
         26920 |        1 |       1
         35475 |        1 |       5
         15982 |        1 |       3
          9971 |        1 |       1
          5889 |        1 |       5
         23693 |        1 |       2
         12688 |        1 |       5
         12141 |        1 |       3
         16224 |        1 |      20
          9777 |        1 |      20
          9863 |        1 |       3
         34806 |        1 |       2
         17205 |        1 |       3
         26784 |        1 |       3
         29104 |        1 |       1
         32581 |        1 |       1
          7857 |        1 |       3
         27852 |        1 |      10
         34323 |        1 |       2
         26552 |        1 |       1
         34785 |        1 |       2
          7710 |        1 |       2
         29377 |        1 |      10
         20787 |        1 |      20
         12441 |        1 |       3
         23808 |        1 |       1
         30952 |        1 |       3
         20732 |        1 |      20
         26709 |        1 |       3
         20744 |        1 |       2
          7551 |        1 |      20
          9817 |        1 |      10
         16152 |        1 |      20
         33326 |        1 |       3
         34196 |        1 |       3
         12716 |        1 |       3
         29406 |        1 |       3
          5938 |        1 |      20
         34317 |        1 |       3
         16104 |        1 |       1
         17853 |        1 |      20
         16581 |        1 |       1
          5950 |        1 |      10
          7556 |        1 |       5
          9917 |        1 |      10
          9965 |        1 |       1
         34636 |        1 |      10
         16211 |        1 |      10
         16796 |        1 |       5
         37355 |        1 |       1
          6231 |        1 |       3
          9944 |        1 |      10
         38270 |        1 |       2
         34624 |        1 |       5
         16166 |        1 |       3
         30230 |        1 |      20
         15021 |        1 |      20
         20550 |        1 |      20
         15968 |        1 |       3
         26493 |        1 |      20
          9766 |        1 |       2
         20596 |        1 |       3
         15807 |        1 |      20
         33578 |        1 |       3
         25440 |        1 |      10
          9903 |        1 |       3
         14088 |        1 |      10
         26679 |        1 |      20
         20855 |        1 |       1
          7790 |        1 |       1
         23506 |        1 |       3
          5834 |        1 |      20
         29391 |        1 |       1
         12644 |        1 |      10
         19743 |        1 |       3
         23821 |        1 |      10
         34435 |        1 |       3
         26498 |        1 |      10
         16241 |        1 |       3
         35768 |        1 |      10
         26521 |        1 |       3
         15799 |        1 |       3
          7633 |        1 |       3
         34511 |        1 |      20
         23779 |        1 |       1
          5706 |        1 |       1
         27304 |        1 |       5
         34732 |        1 |       3
         23863 |        1 |      10
          9894 |        1 |       1
         20760 |        1 |       3
         34446 |        1 |       3
         20815 |        1 |       1
          9791 |        1 |       1
         34333 |        1 |      10
         20673 |        1 |      20
         37007 |        1 |       3
          5709 |        1 |      20
          5716 |        1 |       3
          7734 |        1 |       1
         14790 |        1 |       3
         12178 |        1 |      20
         16052 |        1 |       3
          5855 |        1 |      20
          9843 |        1 |       3
         15934 |        1 |       1
          5880 |        1 |       2
         17017 |        1 |       3
          7808 |        1 |       2
         12477 |        1 |      20
         26626 |        1 |       1
         34334 |        1 |      20
         12711 |        1 |      10
         21209 |        1 |      10
         12425 |        1 |       2
         20650 |        1 |      20
         16516 |        1 |       3
         34374 |        1 |      10
         16038 |        1 |       2
         21012 |        1 |       5
         29614 |        1 |      20
         16116 |        1 |      20
          5788 |        1 |      20
         26919 |        1 |      20
         35139 |        1 |       5
          5652 |        1 |       1
         21275 |        1 |       2
          7680 |        1 |       3
         26664 |        1 |      20
         20579 |        1 |       3
         20720 |        1 |      20
         16160 |        1 |       1
         14895 |        1 |       1
          8404 |        1 |       3
         34172 |        1 |       1
         24960 |        1 |       3
         16063 |        1 |      20
         16011 |        1 |      10
         28875 |        1 |      20
         20676 |        1 |       1
         20740 |        1 |       1
         26945 |        1 |      20
          7800 |        1 |      10
         27352 |        1 |       3
         26714 |        1 |      20
         20944 |        1 |      10
         29128 |        1 |       3
          7838 |        1 |      10
         20741 |        1 |       3
         26609 |        1 |       1
          5817 |        1 |      20
         29405 |        1 |       3
         31630 |        1 |       3
         26870 |        1 |      20
         21933 |        1 |       1
         34285 |        1 |       1
         34493 |        1 |       5
         12632 |        1 |      10
         20513 |        1 |       1
         20339 |        1 |      20
         32496 |        1 |       5
         20636 |        1 |       3
          9871 |        1 |      20
         34536 |        1 |      10
          7743 |        1 |      10
         12637 |        1 |       3
         15880 |        1 |       1
         16000 |        1 |       3
         29369 |        1 |       2
         34475 |        1 |      10
         34422 |        1 |      10
         15088 |        1 |      10
         31239 |        1 |       2
         34675 |        1 |      10
          7541 |        1 |       3
         16344 |        1 |       2
         18419 |        1 |       3
         26715 |        1 |      20
         28579 |        1 |       1
          9872 |        1 |       5
         12474 |        1 |       5
         39025 |        1 |      10
         26381 |        1 |       2
          8537 |        1 |       2
         21257 |        1 |       2
          9711 |        1 |       5
         20877 |        1 |      20
         20611 |        1 |       5
          9859 |        1 |      20
         12585 |        1 |       5
         26954 |        1 |      10
         16177 |        1 |       1
         10001 |        1 |       3
         26779 |        1 |      20
         27919 |        1 |      10
         12326 |        1 |       3
         12681 |        1 |       2
         16077 |        1 |      20
         27168 |        1 |      10
         26708 |        1 |       1
         12723 |        1 |       5
         15932 |        1 |       1
         33325 |        1 |       5
          9942 |        1 |       3
         12486 |        1 |       1
          5919 |        1 |       3
         30594 |        1 |       3
         16108 |        1 |       1
         26786 |        1 |       3
         35317 |        1 |      20
         15904 |        1 |      10
         20704 |        1 |       1
         20754 |        1 |       3
         34661 |        1 |       3
         29308 |        1 |       5
         12447 |        1 |       1
         26470 |        1 |       3
         20788 |        1 |      20
          9774 |        1 |       3
         15966 |        1 |       2
         34640 |        1 |      20
         18582 |        1 |      10
         33192 |        1 |       5
         34372 |        1 |       1
         16237 |        1 |       3
         26599 |        1 |      20
         20651 |        1 |      10
          9882 |        1 |       1
          9685 |        1 |       1
         24349 |        1 |      20
         31968 |        1 |       5
         16010 |        1 |      20
         34724 |        1 |       3
         18943 |        1 |      20
         34358 |        1 |       3
         35269 |        1 |       2
         23194 |        1 |       5
         26570 |        1 |       2
         24776 |        1 |       3
         26442 |        1 |      10
          5870 |        1 |       3
         13340 |        1 |       5
         12431 |        1 |       2
         34474 |        1 |      10
         26628 |        1 |       5
          9990 |        1 |       3
          7698 |        1 |       3
         20893 |        1 |      10
         27375 |        1 |       3
         12521 |        1 |      20
         15993 |        1 |       1
         25289 |        1 |       3
         31618 |        1 |      20
          5749 |        1 |       3
         34433 |        1 |       3
         36790 |        1 |      20
         12499 |        1 |       5
         20739 |        1 |       2
         34226 |        1 |      10
         34647 |        1 |       1
         38510 |        1 |      20
         26801 |        1 |      20
          7625 |        1 |      20
         16182 |        1 |      10
         12484 |        1 |       3
         20764 |        1 |      10
          5807 |        1 |      20
         20833 |        1 |      20
         12575 |        1 |      20
         34360 |        1 |       3
          7604 |        1 |       2
         26426 |        1 |      10
         12840 |        1 |       3
         33353 |        1 |       5
          9683 |        1 |      20
         16067 |        1 |      10
         26767 |        1 |       3
         26726 |        1 |      10
         34383 |        1 |       5
          9805 |        1 |       3
          7707 |        1 |      20
         20950 |        1 |       1
         12562 |        1 |       1
         16168 |        1 |       1
         23026 |        1 |       5
         23264 |        1 |       2
          9854 |        1 |      10
          5910 |        1 |       2
         17825 |        1 |      10
         16029 |        1 |      20
         14748 |        1 |      20
         26635 |        1 |       3
         37575 |        1 |       3
         20657 |        1 |       3
          5665 |        1 |       3
         12919 |        1 |       3
         19008 |        1 |       3
         39123 |        1 |       3
         20759 |        1 |      20
          8097 |        1 |      20
         12601 |        1 |       3
         34499 |        1 |       1
         26478 |        1 |      20
         19844 |        1 |       3
         26446 |        1 |      10
         20766 |        1 |       1
         28618 |        1 |       5
         16165 |        1 |      20
         10036 |        1 |       3
         34277 |        1 |       5
         23644 |        1 |       3
         14130 |        1 |      20
          9816 |        1 |       3
         31753 |        1 |      20
         34478 |        1 |      10
         23267 |        1 |      10
         35767 |        1 |       5
          9750 |        1 |      20
         26913 |        1 |       5
         26695 |        1 |      20
         28840 |        1 |       3
         30737 |        1 |       5
          9974 |        1 |       1
         12695 |        1 |      20
         35153 |        1 |      10
         16145 |        1 |       3
          7512 |        1 |      20
         15900 |        1 |      20
         26764 |        1 |       1
         29392 |        1 |      10
         12918 |        1 |       5
         15080 |        1 |       3
         37036 |        1 |      20
         28999 |        1 |      20
          5775 |        1 |      10
          7724 |        1 |       3
         12613 |        1 |      20
         12443 |        1 |       1
         20843 |        1 |      20
         34171 |        1 |       3
         16198 |        1 |      10
         22085 |        1 |       2
         29816 |        1 |      20
         15808 |        1 |      20
         26605 |        1 |      10
         34547 |        1 |      10
         19742 |        1 |       1
         34751 |        1 |       1
         20641 |        1 |       3
          5806 |        1 |       5
          5930 |        1 |      10
         34673 |        1 |       2
         20805 |        1 |       5
          7759 |        1 |       1
         22047 |        1 |      20
         34322 |        1 |      10
         23503 |        1 |      10
         14968 |        1 |      20
         34955 |        1 |       3
         26802 |        1 |       1
         16028 |        1 |       3
         34261 |        1 |       1
         13576 |        1 |       1
         15980 |        1 |       1
         12547 |        1 |       3
         33248 |        1 |      20
          7079 |        1 |      20
         36714 |        1 |      20
         34779 |        1 |      20
         21840 |        1 |       5
          9459 |        1 |      20
          5779 |        1 |      20
         21007 |        1 |       3
         15892 |        1 |      20
         24783 |        1 |      20
         10022 |        1 |      20
         16205 |        1 |      20
          7695 |        1 |       1
         17646 |        1 |       3
         20990 |        1 |      10
         33127 |        1 |      10
         26531 |        1 |       5
         26729 |        1 |       1
          7635 |        1 |      10
         15813 |        1 |       1
         20618 |        1 |       3
          9829 |        1 |       3
         15948 |        1 |       5
         12408 |        1 |       2
         15020 |        1 |       5
         12401 |        1 |       3
         16665 |        1 |       3
         34203 |        1 |      10
          9832 |        1 |       1
         12554 |        1 |       3
         26564 |        1 |       2
         26681 |        1 |       1
         12422 |        1 |       1
         11701 |        1 |      20
         25860 |        1 |      20
         34254 |        1 |       1
          5887 |        1 |      10
          7979 |        1 |       2
         20710 |        1 |       3
         26827 |        1 |       1
          9769 |        1 |       2
         20558 |        1 |       5
          7687 |        1 |       3
          9705 |        1 |       1
          9915 |        1 |       3
          7609 |        1 |       5
         34201 |        1 |      20
         16133 |        1 |       3
         34458 |        1 |       3
         34756 |        1 |      20
         12500 |        1 |      20
         20555 |        1 |      10
         26405 |        1 |       3
         15809 |        1 |      10
         29814 |        1 |       2
         34237 |        1 |       2
          9997 |        1 |      20
         13353 |        1 |      10
         20564 |        1 |       3
         18992 |        1 |       5
         12467 |        1 |       5
         12509 |        1 |      10
         26398 |        1 |       3
          6230 |        1 |       1
         22128 |        1 |       1
         35141 |        1 |      20
          7656 |        1 |      20
         16560 |        1 |       1
         19141 |        1 |       3
         38956 |        1 |       1
         20961 |        1 |       2
         15950 |        1 |      10
         34377 |        1 |       3
          7721 |        1 |       3
         34185 |        1 |       2
         34264 |        1 |       1
          5720 |        1 |      20
         16122 |        1 |       2
          9792 |        1 |       2
         29400 |        1 |       3
         16217 |        1 |       3
         12708 |        1 |       3
          9949 |        1 |       3
         28088 |        1 |      10
         20822 |        1 |       5
         30226 |        1 |      20
         37202 |        1 |      20
         26642 |        1 |       3
         34706 |        1 |      10
         34476 |        1 |      20
         16514 |        1 |       3
         20820 |        1 |       1
         33060 |        1 |      10
          5945 |        1 |       3
         34734 |        1 |      20
         33186 |        1 |       3
         34802 |        1 |       2
         20910 |        1 |       1
         13751 |        1 |      10
